
[
	
	{
		"r" : 43,
		"g" : 213,
		"b" : 115
	},
	{
		"r" : 67,
		"g" : 213,
		"b" : 43
	},
	{
		"r" : 159,
		"g" : 213,
		"b" : 43
	},
	{
		"r" : 213,
		"g" : 195,
		"b" : 43
	},
	{
		"r" : 213,
		"g" : 115,
		"b" : 43
	},
	{
		"r" : 213,
		"g" : 59,
		"b" : 43
	},
	{
		"r" : 213,
		"g" : 43,
		"b" : 99
	},
	{
		"r" : 213,
		"g" : 43,
		"b" : 171
	},
	{
		"r" : 191,
		"g" : 43,
		"b" : 213
	},
	{
		"r" : 131,
		"g" : 43,
		"b" : 213
	},
	{
		"r" : 47,
		"g" : 43,
		"b" : 213
	},
	{
		"r" : 43,
		"g" : 107,
		"b" : 213
	},
	{
		"r" : 43,
		"g" : 155,
		"b" : 213
	},
	{
		"r" : 43,
		"g" : 213,
		"b" : 207
	},
	{
		"r" : 43,
		"g" : 213,
		"b" : 131
	},
	{
		"r" : 43,
		"g" : 119,
		"b" : 213
	},
	{
		"r" : 213,
		"g" : 159,
		"b" : 43
	},
	{
		"r" : 43,
		"g" : 213,
		"b" : 131
	},
	{
		"r" : 213,
		"g" : 63,
		"b" : 43
	},
	{
		"r" : 213,
		"g" : 43,
		"b" : 119
	}
	
	
]