
[
	
	{
		"corLeftBtnIndex" : 1,
		"linePoints" : [ "{1,2}", "{2,2}", "{3,2}", "{4,2}", "{5,2}" ],
		"corRightBtnIndex" : 20
	},
	
	{
		"corLeftBtnIndex" : 2,
		"linePoints" : [ "{1,3}", "{2,3}", "{3,3}", "{4,3}", "{5,3}" ],
		"corRightBtnIndex" : 12
	},
	
	{
		"corLeftBtnIndex" : 3,
		"linePoints" : [ "{1,1}", "{2,1}", "{3,1}", "{4,1}", "{5,1}" ],
		"corRightBtnIndex" : 13
	},
	
	{
		"corLeftBtnIndex" : 4,
		"linePoints" : [ "{1,3}", "{2,2}", "{3,1}", "{4,2}", "{5,3}" ],
		"corRightBtnIndex" : 18
	},
	
	{
		"corLeftBtnIndex" : 5,
		"linePoints" : [ "{1,1}", "{2,2}", "{3,3}", "{4,2}", "{5,1}" ],
		"corRightBtnIndex" : 19
	},
	
	{
		"corLeftBtnIndex" : 6,
		"linePoints" : [ "{1,2}", "{2,3}", "{3,3}", "{4,3}", "{5,2}" ],
		"corRightBtnIndex" : 16
	},
	
	{
		"corLeftBtnIndex" : 7,
		"linePoints" : [ "{1,2}", "{2,1}", "{3,1}", "{4,1}", "{5,2}" ],
		"corRightBtnIndex" : 17
	},
	
	{
		"corLeftBtnIndex" : 8,
		"linePoints" : [ "{1,3}", "{2,3}", "{3,2}", "{4,1}", "{5,1}" ],
		"corRightBtnIndex" : 15
	},
	
	{
		"corLeftBtnIndex" : 9,
		"linePoints" : [ "{1,1}", "{2,1}", "{3,2}", "{4,3}", "{5,3}" ],
		"corRightBtnIndex" : 14
	},
	
	{
		"corLeftBtnIndex" : 10,
		"linePoints" : [ "{1,2}", "{2,1}", "{3,2}", "{4,3}", "{5,2}" ],
		"corRightBtnIndex" : 11
	},
	
	{
		"corLeftBtnIndex" : 10,
		"linePoints" : [ "{1,2}", "{2,3}", "{3,2}", "{4,1}", "{5,2}" ],
		"corRightBtnIndex" : 11
	},
	
	{
		"corLeftBtnIndex" : 2,
		"linePoints" : [ "{1,3}", "{2,2}", "{3,2}", "{4,2}", "{5,3}" ],
		"corRightBtnIndex" : 12
	},
	
	{
		"corLeftBtnIndex" : 3,
		"linePoints" : [ "{1,1}", "{2,2}", "{3,2}", "{4,2}", "{5,1}" ],
		"corRightBtnIndex" : 13
	},
	
	{
		"corLeftBtnIndex" : 8,
		"linePoints" : [ "{1,3}", "{2,2}", "{3,3}", "{4,2}", "{5,3}" ],
		"corRightBtnIndex" : 14
	},
	
	{
		"corLeftBtnIndex" : 9,
		"linePoints" : [ "{1,1}", "{2,2}", "{3,1}", "{4,2}", "{5,1}" ],
		"corRightBtnIndex" : 15
	},
	
	{
		"corLeftBtnIndex" : 6,
		"linePoints" : [ "{1,2}", "{2,2}", "{3,3}", "{4,2}", "{5,2}" ],
		"corRightBtnIndex" : 16
	},
	
	{
		"corLeftBtnIndex" : 7,
		"linePoints" : [ "{1,2}", "{2,2}", "{3,1}", "{4,2}", "{5,2}" ],
		"corRightBtnIndex" : 17
	},
	
	{
		"corLeftBtnIndex" : 4,
		"linePoints" : [ "{1,3}", "{2,3}", "{3,1}", "{4,3}", "{5,3}" ],
		"corRightBtnIndex" : 18
	},
	
	{
		"corLeftBtnIndex" : 5,
		"linePoints" : [ "{1,1}", "{2,1}", "{3,3}", "{4,1}", "{5,1}" ],
		"corRightBtnIndex" : 19
	},
	
	{
		"corLeftBtnIndex" : 1,
		"linePoints" : [ "{1,3}", "{2,1}", "{3,1}", "{4,1}", "{5,3}" ],
		"corRightBtnIndex" : 20
	}
]
