
{
	"Monsters" : 
	[
		
		{
			"AppearCorMonster" : 1,
			"AppearInterval" : 8,
			"Blood" : 1400.0,
			"BonusType" : [ 1 ],
			"NumberOfAttack" : 10,
			"NumberOfBonus" : [ 400 ],
			"SerialNumber" : 0
		},
		
		{
			"AppearCorMonster" : 2,
			"AppearInterval" : 5,
			"Blood" : 2100.0,
			"BonusType" : [ 1 ],
			"NumberOfAttack" : 10,
			"NumberOfBonus" : [ 650 ],
			"SerialNumber" : 1
		},
		
		{
			"AppearCorMonster" : -1,
			"AppearInterval" : 3,
			"Blood" : 4300.0,
			"BonusType" : [ 2 ],
			"NumberOfAttack" : 10,
			"NumberOfBonus" : [ 800 ],
			"SerialNumber" : 2
		}
	],
	"biggestMonster" : 2,
	"lowestMonster" : 0
}
