
{
	"0" : 
	{
		"CanUpLevel" : false,
		"CurLevel" : 1,
		"leastNum" : 3,
		"multipleDic" : 
		{
			"3" : 3,
			"4" : 15,
			"5" : 60
		}
	},
	"1" : 
	{
		"CanUpLevel" : false,
		"CurLevel" : 1,
		"leastNum" : 3,
		"multipleDic" : 
		{
			"3" : 5,
			"4" : 20,
			"5" : 100
		}
	},
	"100" : 
	{
		"CanUpLevel" : false,
		"CurLevel" : 1,
		"leastNum" : 2,
		"multipleDic" : 
		{
			"2" : 5,
			"3" : 50,
			"4" : 500,
			"5" : 5000
		}
	},
	"101" : 
	{
		"CanUpLevel" : false,
		"CurLevel" : 1,
		"leastNum" : 3,
		"multipleDic" : 
		{
			"3" : 2,
			"4" : 3,
			"5" : 5
		}
	},
	"102" : 
	{
		"CanUpLevel" : false,
		"CurLevel" : 1,
		"leastNum" : 3,
		"multipleDic" : 
		{
			"3" : 5,
			"4" : 10,
			"5" : 20
		}
	},
	"2" : 
	{
		"CanUpLevel" : false,
		"CurLevel" : 1,
		"leastNum" : 3,
		"multipleDic" : 
		{
			"3" : 10,
			"4" : 25,
			"5" : 125
		}
	},
	"3" : 
	{
		"CanUpLevel" : false,
		"CurLevel" : 1,
		"leastNum" : 3,
		"multipleDic" : 
		{
			"3" : 15,
			"4" : 50,
			"5" : 150
		}
	},
	"4" : 
	{
		"CanUpLevel" : false,
		"CurLevel" : 1,
		"leastNum" : 3,
		"multipleDic" : 
		{
			"3" : 20,
			"4" : 75,
			"5" : 200
		}
	},
	"5" : 
	{
		"CanUpLevel" : false,
		"CurLevel" : 1,
		"leastNum" : 3,
		"multipleDic" : 
		{
		  "2" : 2,
			"3" : 25,
			"4" : 100,
			"5" : 250
		}
	},
	"6" : 
	{
		"CanUpLevel" : false,
		"CurLevel" : 1,
		"leastNum" : 2,
		"multipleDic" : 
		{
			"2" : 3,
			"3" : 30,
			"4" : 150,
			"5" : 500
		}
	},
	"7" : 
	{
		"CanUpLevel" : false,
		"CurLevel" : 1,
		"leastNum" : 2,
		"multipleDic" : 
		{
			"2" : 4,
			"3" : 40,
			"4" : 200,
			"5" : 1500
		}
	},
	"8" : 
	{
		"CanUpLevel" : false,
		"CurLevel" : 1,
		"leastNum" : 2,
		"multipleDic" : 
		{
			"2" : 2,
			"3" : 25,
			"4" : 1000,
			"5" : 10000
		}
	},
	"1000":
	{
		"multipleDic":{"4":15,"3":3,"5":50},"leastNum":3
	}
}
