[
    {
        "L": "{95,256}",
        "R": "{955,256}"
    },
    {
        "L": "{95,386}",
        "R": "{-40,-100}"
    },
    {
        "L": "{95,126}",
        "R": "{-40,-100}"
    },
    {
        "L": "{95,412}",
        "R": "{-40,-100}"
    },
    {
        "L": "{95,100}",
        "R": "{-950,-282}"
    },
    {
        "L": "{-95,-290}",
        "R": "{955,282}"
    },
    {
        "L": "{-95,-210}",
        "R": "{955,230}"
    },
    {
        "L": "{-95,-330}",
        "R": "{955,178}"
    },
    {
        "L": "{-95,-282}",
        "R": "{955,334}"
    },
    {
        "L": "{95,282}",
        "R": "{-950,-334}"
    },
    {
        "L": "{95,230}",
        "R": "{-950,-290}"
    },
    {
        "L": "{-95,-230}",
        "R": "{955,360}"
    },
    {
        "L": "{95,178}",
        "R": "{-950,-360}"
    },
    {
        "L": "{-60,-100}",
        "R": "{955,412}"
    },
    {
        "L": "{-95,-178}",
        "R": "{955,100}"
    },
    {
        "L": "{95,308}",
        "R": "{-950,-410}"
    },
    {
        "L": "{95,204}",
        "R": "{-950,-410}"
    },
    {
        "L": "{-60,-100}",
        "R": "{955,386}"
    },
    {
        "L": "{-60,-100}",
        "R": "{955,152}"
    },
    {
        "L": "{95,334}",
        "R": "{-950,-410}"
    },
    {
        "L": "{95,152}",
        "R": "{-950,-410}"
    },
    {
        "L": "{-60,-100}",
        "R": "{955,308}"
    },
    {
        "L": "{-60,-100}",
        "R": "{955,204}"
    },
    {
        "L": "{95,360}",
        "R": "{-950,-410}"
    },
    {
        "L": "{-60,-100}",
        "R": "{955,126}"
    }
]