
[
	
	{
		"L" : "{30,245}",
		"R" : "{824,245}"
	},
	
	{
		"L" : "{30,375}",
		"R" : "{-40,-100}"
	},
	
	{
		"L" : "{30,120}",
		"R" : "{-40,-100}"
	},
	
	{
		"L" : "{30,400}",
		"R" : "{-40,-100}"
	},
	
	{
		"L" : "{30,90}",
		"R" : "{-824,-270}"
	},
	
	{
		"L" : "{-30,-290}",
		"R" : "{824,270}"
	},
	
	{
		"L" : "{-30,-210}",
		"R" : "{824,220}"
	},
	
	{
		"L" : "{-30,-330}",
		"R" : "{824,170}"
	},
	
	{
		"L" : "{-30,-270}",
		"R" : "{824,325}"
	},
	
	{
		"L" : "{30,270}",
		"R" : "{-824,-325}"
	},
	
	{
		"L" : "{30,220}",
		"R" : "{-824,-290}"
	},
	
	{
		"L" : "{-30,-220}",
		"R" : "{824,350}"
	},
	
	{
		"L" : "{30,170}",
		"R" : "{-824,-350}"
	},
	
	{
		"L" : "{-60,-100}",
		"R" : "{824,400}"
	},
	
	{
		"L" : "{-30,-170}",
		"R" : "{824,90}"
	},
	
	{
		"L" : "{30,300}",
		"R" : "{-824,-410}"
	},
	
	{
		"L" : "{30,195}",
		"R" : "{-824,-410}"
	},

	{
		"L" : "{-60,-100}",
		"R" : "{824,375}"
	},
	
	{
		"L" : "{-60,-100}",
		"R" : "{824,145}"
	},
	
	{
		"L" : "{30,325}",
		"R" : "{-824,-410}"
	},
	
	{
		"L" : "{30,145}",
		"R" : "{-824,-410}"
	},
	
	{
		"L" : "{-60,-100}",
		"R" : "{824,300}"
	},
	
	{
		"L" : "{-60,-100}",
		"R" : "{824,195}"
	},
	
	{
		"L" : "{30,350}",
		"R" : "{-824,-410}"
	},
	
	{
		"L" : "{-60,-100}",
		"R" : "{824,120}"
	}		
]
