
[
	
	{
		"corLeftBtnIndex" : 1,
		"linePoints" : [ "{1,2}", "{2,2}", "{3,2}", "{4,2}", "{5,2}" ],
		"corRightBtnIndex" : 1
	},
	
	{
		"corLeftBtnIndex" : 2,
		"linePoints" : [ "{1,3}", "{2,3}", "{3,3}", "{4,3}", "{5,3}" ],
		"corRightBtnIndex" : 18
	},
	
	{
		"corLeftBtnIndex" : 3,
		"linePoints" : [ "{1,1}", "{2,1}", "{3,1}", "{4,1}", "{5,1}" ],
		"corRightBtnIndex" : 25
	},
	
	{
		"corLeftBtnIndex" : 4,
		"linePoints" : [ "{1,3}", "{2,2}", "{3,1}", "{4,2}", "{5,3}" ],
		"corRightBtnIndex" : 14
	},
	
	{
		"corLeftBtnIndex" : 5,
		"linePoints" : [ "{1,1}", "{2,2}", "{3,3}", "{4,2}", "{5,1}" ],
		"corRightBtnIndex" : 15
	},
	
	{
		"corLeftBtnIndex" : 10,
		"linePoints" : [ "{1,2}", "{2,3}", "{3,3}", "{4,3}", "{5,2}" ],
		"corRightBtnIndex" : 6
	},
	
	{
		"corLeftBtnIndex" : 11,
		"linePoints" : [ "{1,2}", "{2,1}", "{3,1}", "{4,1}", "{5,2}" ],
		"corRightBtnIndex" : 7
	},
	
	{
		"corLeftBtnIndex" : 20,
		"linePoints" : [ "{1,3}", "{2,3}", "{3,2}", "{4,1}", "{5,1}" ],
		"corRightBtnIndex" : 8
	},
	
	{
		"corLeftBtnIndex" : 13,
		"linePoints" : [ "{1,1}", "{2,1}", "{3,2}", "{4,3}", "{5,3}" ],
		"corRightBtnIndex" : 9
	},
	
	{
		"corLeftBtnIndex" : 10,
		"linePoints" : [ "{1,2}", "{2,1}", "{3,2}", "{4,3}", "{5,2}" ],
		"corRightBtnIndex" : 6
	},
	
	{
		"corLeftBtnIndex" : 11,
		"linePoints" : [ "{1,2}", "{2,3}", "{3,2}", "{4,1}", "{5,2}" ],
		"corRightBtnIndex" : 7
	},
	
	{
		"corLeftBtnIndex" : 24,
		"linePoints" : [ "{1,3}", "{2,2}", "{3,2}", "{4,2}", "{5,3}" ],
		"corRightBtnIndex" : 12
	},
	
	{
		"corLeftBtnIndex" : 13,
		"linePoints" : [ "{1,1}", "{2,2}", "{3,2}", "{4,2}", "{5,1}" ],
		"corRightBtnIndex" : 8
	},
	
	{
		"corLeftBtnIndex" : 4,
		"linePoints" : [ "{1,3}", "{2,2}", "{3,3}", "{4,2}", "{5,3}" ],
		"corRightBtnIndex" : 14
	},
	
	{
		"corLeftBtnIndex" : 5,
		"linePoints" : [ "{1,1}", "{2,2}", "{3,1}", "{4,2}", "{5,1}" ],
		"corRightBtnIndex" : 15
	},
	
	{
		"corLeftBtnIndex" : 16,
		"linePoints" : [ "{1,2}", "{2,2}", "{3,3}", "{4,2}", "{5,2}" ],
		"corRightBtnIndex" : 22
	},
	
	{
		"corLeftBtnIndex" : 17,
		"linePoints" : [ "{1,2}", "{2,2}", "{3,1}", "{4,2}", "{5,2}" ],
		"corRightBtnIndex" : 23
	},
	
	{
		"corLeftBtnIndex" : 2,
		"linePoints" : [ "{1,3}", "{2,3}", "{3,1}", "{4,3}", "{5,3}" ],
		"corRightBtnIndex" : 18
	},
	
	{
		"corLeftBtnIndex" : 21,
		"linePoints" : [ "{1,1}", "{2,1}", "{3,3}", "{4,1}", "{5,1}" ],
		"corRightBtnIndex" : 19
	},
	
	{
		"corLeftBtnIndex" : 20,
		"linePoints" : [ "{1,3}", "{2,1}", "{3,1}", "{4,1}", "{5,3}" ],
		"corRightBtnIndex" : 9
	},
	
	{
		"corLeftBtnIndex" : 21,
		"linePoints" : [ "{1,1}", "{2,3}", "{3,3}", "{4,3}", "{5,1}" ],
		"corRightBtnIndex" : 19
	},
	
	{
		"corLeftBtnIndex" : 16,
		"linePoints" : [ "{1,2}", "{2,1}", "{3,3}", "{4,1}", "{5,2}" ],
		"corRightBtnIndex" : 22
	},
	
	{
		"corLeftBtnIndex" : 17,
		"linePoints" : [ "{1,2}", "{2,3}", "{3,1}", "{4,3}", "{5,2}" ],
		"corRightBtnIndex" : 23
	},
	
	{
		"corLeftBtnIndex" : 24,
		"linePoints" : [ "{1,3}", "{2,1}", "{3,3}", "{4,1}", "{5,3}" ],
		"corRightBtnIndex" : 12
	},
	
	{
		"corLeftBtnIndex" : 3,
		"linePoints" : [ "{1,1}", "{2,3}", "{3,1}", "{4,3}", "{5,1}" ],
		"corRightBtnIndex" : 25
	}
	
]
