[{"L":"{270,355}","R":"{1046,355}"},{"L":"{270,485}","R":"{-40,-100}"},{"L":"{270,230}","R":"{-40,-100}"},{"L":"{270,510}","R":"{-40,-100}"},{"L":"{270,200}","R":"{-1046,-270}"},{"L":"{-270,-290}","R":"{1046,380}"},{"L":"{-270,-210}","R":"{1046,330}"},{"L":"{-270,-330}","R":"{1046,280}"},{"L":"{-270,-270}","R":"{1046,435}"},{"L":"{270,380}","R":"{-1046,-325}"},{"L":"{270,330}","R":"{-1046,-290}"},{"L":"{-270,-220}","R":"{1046,460}"},{"L":"{270,280}","R":"{-1046,-350}"},{"L":"{-60,-100}","R":"{1046,510}"},{"L":"{-270,-170}","R":"{1046,200}"},{"L":"{270,410}","R":"{-1046,-410}"},{"L":"{270,305}","R":"{-1046,-410}"},{"L":"{-60,-100}","R":"{1046,485}"},{"L":"{-60,-100}","R":"{1046,255}"},{"L":"{270,435}","R":"{-1046,-410}"},{"L":"{270,255}","R":"{-1046,-410}"},{"L":"{-60,-100}","R":"{1046,410}"},{"L":"{-60,-100}","R":"{1046,305}"},{"L":"{270,460}","R":"{-1046,-410}"},{"L":"{-60,-100}","R":"{1046,230}"}]