[{"corRightBtnIndex":1,"linePoints":["{1,2}","{2,2}","{3,2}","{4,2}","{5,2}"],"corLeftBtnIndex":1},{"corRightBtnIndex":18,"linePoints":["{1,3}","{2,3}","{3,3}","{4,3}","{5,3}"],"corLeftBtnIndex":2},{"corRightBtnIndex":25,"linePoints":["{1,1}","{2,1}","{3,1}","{4,1}","{5,1}"],"corLeftBtnIndex":3},{"corRightBtnIndex":14,"linePoints":["{1,3}","{2,2}","{3,1}","{4,2}","{5,3}"],"corLeftBtnIndex":4},{"corRightBtnIndex":15,"linePoints":["{1,1}","{2,2}","{3,3}","{4,2}","{5,1}"],"corLeftBtnIndex":5},{"corRightBtnIndex":6,"linePoints":["{1,2}","{2,3}","{3,3}","{4,3}","{5,2}"],"corLeftBtnIndex":10},{"corRightBtnIndex":7,"linePoints":["{1,2}","{2,1}","{3,1}","{4,1}","{5,2}"],"corLeftBtnIndex":11},{"corRightBtnIndex":8,"linePoints":["{1,3}","{2,3}","{3,2}","{4,1}","{5,1}"],"corLeftBtnIndex":20},{"corRightBtnIndex":9,"linePoints":["{1,1}","{2,1}","{3,2}","{4,3}","{5,3}"],"corLeftBtnIndex":13},{"corRightBtnIndex":6,"linePoints":["{1,2}","{2,1}","{3,2}","{4,3}","{5,2}"],"corLeftBtnIndex":10},{"corRightBtnIndex":7,"linePoints":["{1,2}","{2,3}","{3,2}","{4,1}","{5,2}"],"corLeftBtnIndex":11},{"corRightBtnIndex":12,"linePoints":["{1,3}","{2,2}","{3,2}","{4,2}","{5,3}"],"corLeftBtnIndex":24},{"corRightBtnIndex":8,"linePoints":["{1,1}","{2,2}","{3,2}","{4,2}","{5,1}"],"corLeftBtnIndex":13},{"corRightBtnIndex":14,"linePoints":["{1,3}","{2,2}","{3,3}","{4,2}","{5,3}"],"corLeftBtnIndex":4},{"corRightBtnIndex":15,"linePoints":["{1,1}","{2,2}","{3,1}","{4,2}","{5,1}"],"corLeftBtnIndex":5},{"corRightBtnIndex":22,"linePoints":["{1,2}","{2,2}","{3,3}","{4,2}","{5,2}"],"corLeftBtnIndex":16},{"corRightBtnIndex":23,"linePoints":["{1,2}","{2,2}","{3,1}","{4,2}","{5,2}"],"corLeftBtnIndex":17},{"corRightBtnIndex":18,"linePoints":["{1,3}","{2,3}","{3,1}","{4,3}","{5,3}"],"corLeftBtnIndex":2},{"corRightBtnIndex":19,"linePoints":["{1,1}","{2,1}","{3,3}","{4,1}","{5,1}"],"corLeftBtnIndex":21},{"corRightBtnIndex":9,"linePoints":["{1,3}","{2,1}","{3,1}","{4,1}","{5,3}"],"corLeftBtnIndex":20},{"corRightBtnIndex":19,"linePoints":["{1,1}","{2,3}","{3,3}","{4,3}","{5,1}"],"corLeftBtnIndex":21},{"corRightBtnIndex":22,"linePoints":["{1,2}","{2,1}","{3,3}","{4,1}","{5,2}"],"corLeftBtnIndex":16},{"corRightBtnIndex":23,"linePoints":["{1,2}","{2,3}","{3,1}","{4,3}","{5,2}"],"corLeftBtnIndex":17},{"corRightBtnIndex":12,"linePoints":["{1,3}","{2,1}","{3,3}","{4,1}","{5,3}"],"corLeftBtnIndex":24},{"corRightBtnIndex":25,"linePoints":["{1,1}","{2,3}","{3,1}","{4,3}","{5,1}"],"corLeftBtnIndex":3}]