{"4":{"CanUpLevel":false,"multipleDic":{"2":2,"4":80,"3":15,"5":400},"leastNum":3,"CurLevel":1},"8":{"CanUpLevel":false,"multipleDic":{"2":8,"4":800,"3":80,"5":8000},"leastNum":2,"CurLevel":1},"101":{"CanUpLevel":false,"multipleDic":{"4":3,"3":2,"5":5},"leastNum":3,"CurLevel":1},"5":{"CanUpLevel":false,"multipleDic":{"2":2,"4":100,"3":20,"5":600},"leastNum":3,"CurLevel":1},"6":{"CanUpLevel":false,"multipleDic":{"2":5,"4":120,"3":30,"5":700},"leastNum":2,"CurLevel":1},"102":{"CanUpLevel":false,"multipleDic":{"4":10,"3":5,"5":20},"leastNum":3,"CurLevel":1},"3":{"CanUpLevel":false,"multipleDic":{"4":60,"3":12,"5":350},"leastNum":3,"CurLevel":1},"7":{"CanUpLevel":false,"multipleDic":{"2":6,"4":150,"3":50,"5":1500},"leastNum":2,"CurLevel":1},"2":{"CanUpLevel":false,"multipleDic":{"4":50,"3":10,"5":250},"leastNum":3,"CurLevel":1},"100":{"CanUpLevel":false,"multipleDic":{"2":5,"4":500,"3":50,"5":5000},"leastNum":2,"CurLevel":1},"1":{"CanUpLevel":false,"multipleDic":{"4":40,"3":8,"5":150},"leastNum":3,"CurLevel":1},"0":{"CanUpLevel":false,"multipleDic":{"4":25,"3":3,"5":100},"leastNum":3,"CurLevel":1}}