{"4":{"multipleDic":{"2":2,"4":80,"3":15,"5":400},"leastNum":3},"8":{"multipleDic":{"2":8,"4":800,"3":80,"5":8000},"leastNum":2},"101":{"multipleDic":{"4":3,"3":2,"5":5},"leastNum":3},"5":{"multipleDic":{"2":2,"4":100,"3":20,"5":600},"leastNum":3},"6":{"multipleDic":{"2":5,"4":120,"3":30,"5":700},"leastNum":2},"102":{"multipleDic":{"4":10,"3":5,"5":20},"leastNum":3},"3":{"multipleDic":{"4":60,"3":12,"5":350},"leastNum":3},"7":{"multipleDic":{"2":6,"4":150,"3":50,"5":1500},"leastNum":2},"2":{"multipleDic":{"4":50,"3":10,"5":250},"leastNum":3},"100":{"multipleDic":{"2":5,"4":500,"3":50,"5":5000},"leastNum":2},"1":{"multipleDic":{"4":40,"3":8,"5":150},"leastNum":3},"0":{"multipleDic":{"4":25,"3":3,"5":100},"leastNum":3},
    "1000":{"multipleDic":{"4":15,"3":3,"5":50},"leastNum":3}
}