[
    {
        "L": "{270,350}",
        "R": "{1046,350}"
    },
    {
        "L": "{270,470}",
        "R": "{-40,-100}"
    },
    {
        "L": "{270,230}",
        "R": "{-40,-100}"
    },
    {
        "L": "{270,500}",
        "R": "{-40,-100}"
    },
    {
        "L": "{270,200}",
        "R": "{-40,-100}"
    },
    {
        "L": "{270,380}",
        "R": "{-40,-100}"
    },
    {
        "L": "{270,320}",
        "R": "{-40,-100}"
    },
    {
        "L": "{270,440}",
        "R": "{1046,260}"
    },
    {
        "L": "{270,260}",
        "R": "{1046,440}"
    },
    {
        "L": "{-60,-100}",
        "R": "{1046,320}"
    },
    {
        "L": "{-60,-100}",
        "R": "{1046,380}"
    },
    {
        "L": "{-60,-100}",
        "R": "{1046,470}"
    },
    {
        "L": "{-60,-100}",
        "R": "{1046,230}"
    },
    {
        "L": "{-60,-100}",
        "R": "{1046,500}"
    },
    {
        "L": "{-60,-100}",
        "R": "{1046,200}"
    }
]