[{"corRightBtnIndex":1,"linePoints":["{1,2}","{2,2}","{3,2}","{4,2}","{5,2}"],"corLeftBtnIndex":1},{"corRightBtnIndex":12,"linePoints":["{1,3}","{2,3}","{3,3}","{4,3}","{5,3}"],"corLeftBtnIndex":2},{"corRightBtnIndex":13,"linePoints":["{1,1}","{2,1}","{3,1}","{4,1}","{5,1}"],"corLeftBtnIndex":3},{"corRightBtnIndex":14,"linePoints":["{1,3}","{2,2}","{3,1}","{4,2}","{5,3}"],"corLeftBtnIndex":4},{"corRightBtnIndex":15,"linePoints":["{1,1}","{2,2}","{3,3}","{4,2}","{5,1}"],"corLeftBtnIndex":5},{"corRightBtnIndex":11,"linePoints":["{1,2}","{2,3}","{3,3}","{4,3}","{5,2}"],"corLeftBtnIndex":6},{"corRightBtnIndex":10,"linePoints":["{1,2}","{2,1}","{3,1}","{4,1}","{5,2}"],"corLeftBtnIndex":7},{"corRightBtnIndex":13,"linePoints":["{1,3}","{2,3}","{3,2}","{4,1}","{5,1}"],"corLeftBtnIndex":8},{"corRightBtnIndex":9,"linePoints":["{1,1}","{2,1}","{3,2}","{4,3}","{5,3}"],"corLeftBtnIndex":9},{"corRightBtnIndex":10,"linePoints":["{1,2}","{2,1}","{3,2}","{4,3}","{5,2}"],"corLeftBtnIndex":6},{"corRightBtnIndex":11,"linePoints":["{1,2}","{2,3}","{3,2}","{4,1}","{5,2}"],"corLeftBtnIndex":7},{"corRightBtnIndex":12,"linePoints":["{1,3}","{2,2}","{3,2}","{4,2}","{5,3}"],"corLeftBtnIndex":2},{"corRightBtnIndex":13,"linePoints":["{1,1}","{2,2}","{3,2}","{4,2}","{5,1}"],"corLeftBtnIndex":3},{"corRightBtnIndex":14,"linePoints":["{1,3}","{2,2}","{3,3}","{4,2}","{5,3}"],"corLeftBtnIndex":4},{"corRightBtnIndex":15,"linePoints":["{1,1}","{2,2}","{3,1}","{4,2}","{5,1}"],"corLeftBtnIndex":5}]