
[
	
	{
		"L" : "{30,230}",
		"R" : "{-824,-250}"
	},
	
	{
		"L" : "{30,355}",
		"R" : "{-40,-100}"
	},
	
	{
		"L" : "{30,135}",
		"R" : "{-40,-100}"
	},
	
	{
		"L" : "{30,390}",
		"R" : "{-40,-100}"
	},
	
	{
		"L" : "{30,105}",
		"R" : "{-40,-100}"
	},
	
	{
		"L" : "{30,295}",
		"R" : "{-40,-100}"
	},
	
	{
		"L" : "{30,195}",
		"R" : "{-40,-100}"
	},
	
	{
		"L" : "{30,320}",
		"R" : "{-824,-170}"
	},
	
	{
		"L" : "{30,165}",
		"R" : "{-824,-330}"
	},
	
	{
		"L" : "{30,260}",
		"R" : "{-824,-210}"
	},
	
	{
		"L" : "{-60,-100}",
		"R" : "{824,260}"
	},
	
	{
		"L" : "{-60,-100}",
		"R" : "{824,355}"
	},
	
	{
		"L" : "{-60,-100}",
		"R" : "{824,135}"
	},
	
	{
		"L" : "{-60,-100}",
		"R" : "{824,320}"
	},
	
	{
		"L" : "{-60,-100}",
		"R" : "{824,165}"
	},
	
	{
		"L" : "{-60,-100}",
		"R" : "{824,290}"
	},
	
	{
		"L" : "{-60,-100}",
		"R" : "{824,195}"
	},
	
	{
		"L" : "{-60,-100}",
		"R" : "{824,390}"
	},
	
	{
		"L" : "{-60,-100}",
		"R" : "{824,105}"
	},
	
	{
		"L" : "{-60,-100}",
		"R" : "{824,230}"
	}
]
