[
    {
        "L": "{95,238}",
        "R": "{-950,-250}"
    },
    {
        "L": "{95,366}",
        "R": "{-40,-100}"
    },
    {
        "L": "{95,142}",
        "R": "{-40,-100}"
    },
    {
        "L": "{95,398}",
        "R": "{-40,-100}"
    },
    {
        "L": "{95,110}",
        "R": "{-40,-100}"
    },
    {
        "L": "{95,302}",
        "R": "{-40,-100}"
    },
    {
        "L": "{95,206}",
        "R": "{-40,-100}"
    },
    {
        "L": "{95,334}",
        "R": "{-950,-170}"
    },
    {
        "L": "{95,174}",
        "R": "{-950,-330}"
    },
    {
        "L": "{95,270}",
        "R": "{-950,-210}"
    },
    {
        "L": "{-60,-100}",
        "R": "{950,270}"
    },
    {
        "L": "{-60,-100}",
        "R": "{950,366}"
    },
    {
        "L": "{-60,-100}",
        "R": "{950,142}"
    },
    {
        "L": "{-60,-100}",
        "R": "{950,334}"
    },
    {
        "L": "{-60,-100}",
        "R": "{950,174}"
    },
    {
        "L": "{-60,-100}",
        "R": "{950,302}"
    },
    {
        "L": "{-60,-100}",
        "R": "{950,206}"
    },
    {
        "L": "{-60,-100}",
        "R": "{950,398}"
    },
    {
        "L": "{-60,-100}",
        "R": "{950,110}"
    },
    {
        "L": "{-60,-100}",
        "R": "{950,238}"
    }
]