[{"L":"{270,350}","R":"{-1046,-250}"},{"L":"{270,460}","R":"{-40,-100}"},{"L":"{270,245}","R":"{-40,-100}"},{"L":"{270,510}","R":"{-40,-100}"},{"L":"{270,200}","R":"{-40,-100}"},{"L":"{270,395}","R":"{-40,-100}"},{"L":"{270,310}","R":"{-40,-100}"},{"L":"{270,420}","R":"{-1046,-170}"},{"L":"{270,285}","R":"{-1046,-330}"},{"L":"{270,330}","R":"{-1046,-210}"},{"L":"{270,375}","R":"{-1046,-290}"},{"L":"{270,440}","R":"{-1046,-370}"},{"L":"{270,220}","R":"{-1046,-130}"},{"L":"{270,485}","R":"{-1046,-410}"},{"L":"{270,265}","R":"{-1046,-90}"},{"L":"{-270,-155}","R":"{1046,395}"},{"L":"{-270,-155}","R":"{1046,310}"},{"L":"{-270,-155}","R":"{1046,510}"},{"L":"{-270,-155}","R":"{1046,200}"},{"L":"{-270,-155}","R":"{1046,420}"},{"L":"{-270,-155}","R":"{1046,285}"},{"L":"{-270,-155}","R":"{1046,350}"},{"L":"{-270,-155}","R":"{1046,330}"},{"L":"{-270,-155}","R":"{1046,460}"},{"L":"{-270,-155}","R":"{1046,245}"},{"L":"{-270,-155}","R":"{1046,485}"},{"L":"{-270,-155}","R":"{1046,220}"},{"L":"{-270,-155}","R":"{1046,440}"},{"L":"{-270,-155}","R":"{1046,265}"},{"L":"{-270,-155}","R":"{1046,375}"}]