[{"corRightBtnIndex":22,"linePoints":["{1,2}","{2,2}","{3,2}","{4,2}","{5,2}"],"corLeftBtnIndex":1},{"corRightBtnIndex":24,"linePoints":["{1,3}","{2,3}","{3,3}","{4,3}","{5,3}"],"corLeftBtnIndex":2},{"corRightBtnIndex":25,"linePoints":["{1,1}","{2,1}","{3,1}","{4,1}","{5,1}"],"corLeftBtnIndex":3},{"corRightBtnIndex":18,"linePoints":["{1,3}","{2,2}","{3,1}","{4,2}","{5,3}"],"corLeftBtnIndex":4},{"corRightBtnIndex":19,"linePoints":["{1,1}","{2,2}","{3,3}","{4,2}","{5,1}"],"corLeftBtnIndex":5},{"corRightBtnIndex":16,"linePoints":["{1,2}","{2,3}","{3,3}","{4,3}","{5,2}"],"corLeftBtnIndex":6},{"corRightBtnIndex":17,"linePoints":["{1,2}","{2,1}","{3,1}","{4,1}","{5,2}"],"corLeftBtnIndex":7},{"corRightBtnIndex":21,"linePoints":["{1,3}","{2,3}","{3,2}","{4,1}","{5,1}"],"corLeftBtnIndex":8},{"corRightBtnIndex":20,"linePoints":["{1,1}","{2,1}","{3,2}","{4,3}","{5,3}"],"corLeftBtnIndex":9},{"corRightBtnIndex":23,"linePoints":["{1,2}","{2,1}","{3,2}","{4,3}","{5,2}"],"corLeftBtnIndex":10},{"corRightBtnIndex":30,"linePoints":["{1,2}","{2,3}","{3,2}","{4,1}","{5,2}"],"corLeftBtnIndex":11},{"corRightBtnIndex":28,"linePoints":["{1,3}","{2,2}","{3,2}","{4,2}","{5,3}"],"corLeftBtnIndex":12},{"corRightBtnIndex":27,"linePoints":["{1,1}","{2,2}","{3,2}","{4,2}","{5,1}"],"corLeftBtnIndex":13},{"corRightBtnIndex":26,"linePoints":["{1,3}","{2,2}","{3,3}","{4,2}","{5,3}"],"corLeftBtnIndex":14},{"corRightBtnIndex":29,"linePoints":["{1,1}","{2,2}","{3,1}","{4,2}","{5,1}"],"corLeftBtnIndex":15},{"corRightBtnIndex":16,"linePoints":["{1,2}","{2,2}","{3,3}","{4,2}","{5,2}"],"corLeftBtnIndex":6},{"corRightBtnIndex":17,"linePoints":["{1,2}","{2,2}","{3,1}","{4,2}","{5,2}"],"corLeftBtnIndex":7},{"corRightBtnIndex":18,"linePoints":["{1,3}","{2,3}","{3,1}","{4,3}","{5,3}"],"corLeftBtnIndex":4},{"corRightBtnIndex":19,"linePoints":["{1,1}","{2,1}","{3,3}","{4,1}","{5,1}"],"corLeftBtnIndex":5},{"corRightBtnIndex":20,"linePoints":["{1,3}","{2,1}","{3,1}","{4,1}","{5,3}"],"corLeftBtnIndex":8},{"corRightBtnIndex":21,"linePoints":["{1,1}","{2,3}","{3,3}","{4,3}","{5,1}"],"corLeftBtnIndex":9},{"corRightBtnIndex":22,"linePoints":["{1,2}","{2,1}","{3,3}","{4,1}","{5,2}"],"corLeftBtnIndex":1},{"corRightBtnIndex":23,"linePoints":["{1,2}","{2,3}","{3,1}","{4,3}","{5,2}"],"corLeftBtnIndex":10},{"corRightBtnIndex":24,"linePoints":["{1,3}","{2,1}","{3,3}","{4,1}","{5,3}"],"corLeftBtnIndex":2},{"corRightBtnIndex":25,"linePoints":["{1,1}","{2,3}","{3,1}","{4,3}","{5,1}"],"corLeftBtnIndex":3},{"corRightBtnIndex":26,"linePoints":["{1,1}","{2,3}","{3,2}","{4,1}","{5,3}"],"corLeftBtnIndex":13},{"corRightBtnIndex":27,"linePoints":["{1,3}","{2,1}","{3,2}","{4,3}","{5,1}"],"corLeftBtnIndex":14},{"corRightBtnIndex":28,"linePoints":["{1,3}","{2,1}","{3,2}","{4,1}","{5,3}"],"corLeftBtnIndex":12},{"corRightBtnIndex":29,"linePoints":["{1,1}","{2,3}","{3,2}","{4,3}","{5,1}"],"corLeftBtnIndex":15},{"corRightBtnIndex":30,"linePoints":["{1,1}","{2,2}","{3,3}","{4,3}","{5,2}"],"corLeftBtnIndex":3}]