[{"r":43,"b":115,"g":213},{"r":67,"b":43,"g":213},{"r":159,"b":43,"g":213},{"r":213,"b":43,"g":195},{"r":213,"b":43,"g":115},{"r":213,"b":43,"g":59},{"r":213,"b":99,"g":43},{"r":213,"b":171,"g":43},{"r":191,"b":213,"g":43},{"r":131,"b":213,"g":43},{"r":47,"b":213,"g":43},{"r":43,"b":213,"g":107},{"r":43,"b":213,"g":155},{"r":43,"b":207,"g":213},{"r":43,"b":131,"g":213},{"r":43,"b":213,"g":119},{"r":213,"b":43,"g":159},{"r":43,"b":131,"g":213},{"r":213,"b":43,"g":63},{"r":213,"b":119,"g":43},{"r":43,"b":213,"g":155},{"r":43,"b":207,"g":213},{"r":43,"b":131,"g":213},{"r":43,"b":213,"g":119},{"r":213,"b":43,"g":159},{"r":43,"b":115,"g":213},{"r":67,"b":43,"g":213},{"r":159,"b":43,"g":213},{"r":213,"b":43,"g":195},{"r":213,"b":43,"g":115}]