{"4":{"CanUpLevel":false,"multipleDic":{"4":75,"3":20,"5":200},"leastNum":3,"CurLevel":1},"8":{"CanUpLevel":false,"multipleDic":{"2":5,"4":1000,"3":50,"5":10000},"leastNum":2,"CurLevel":1},"101":{"CanUpLevel":false,"multipleDic":{"4":3,"3":2,"5":5},"leastNum":3,"CurLevel":1},"5":{"CanUpLevel":false,"multipleDic":{"2":2,"4":100,"3":25,"5":250},"leastNum":3,"CurLevel":1},"6":{"CanUpLevel":false,"multipleDic":{"2":3,"4":150,"3":30,"5":500},"leastNum":2,"CurLevel":1},"102":{"CanUpLevel":false,"multipleDic":{"4":10,"3":5,"5":20},"leastNum":3,"CurLevel":1},"3":{"CanUpLevel":false,"multipleDic":{"4":50,"3":15,"5":150},"leastNum":3,"CurLevel":1},"7":{"CanUpLevel":false,"multipleDic":{"2":4,"4":200,"3":40,"5":1500},"leastNum":2,"CurLevel":1},"2":{"CanUpLevel":false,"multipleDic":{"4":25,"3":10,"5":125},"leastNum":3,"CurLevel":1},"100":{"CanUpLevel":false,"multipleDic":{"2":5,"4":500,"3":50,"5":5000},"leastNum":2,"CurLevel":1},"1":{"CanUpLevel":false,"multipleDic":{"4":20,"3":5,"5":100},"leastNum":3,"CurLevel":1},"0":{"CanUpLevel":false,"multipleDic":{"4":15,"3":3,"5":60},"leastNum":3,"CurLevel":1}}