[{"L":"{270,340}","R":"{-1046,-250}"},{"L":"{270,465}","R":"{-40,-100}"},{"L":"{270,245}","R":"{-40,-100}"},{"L":"{270,500}","R":"{-40,-100}"},{"L":"{270,215}","R":"{-40,-100}"},{"L":"{270,305}","R":"{-40,-100}"},{"L":"{270,405}","R":"{-40,-100}"},{"L":"{270,430}","R":"{-1046,-170}"},{"L":"{270,275}","R":"{-1046,-330}"},{"L":"{270,370}","R":"{-1046,-210}"},{"L":"{-60,-100}","R":"{1046,370}"},{"L":"{-60,-100}","R":"{1046,465}"},{"L":"{-60,-100}","R":"{1046,245}"},{"L":"{-60,-100}","R":"{1046,430}"},{"L":"{-60,-100}","R":"{1046,275}"},{"L":"{-60,-100}","R":"{1046,400}"},{"L":"{-60,-100}","R":"{1046,305}"},{"L":"{-60,-100}","R":"{1046,500}"},{"L":"{-60,-100}","R":"{1046,215}"},{"L":"{-60,-100}","R":"{1046,340}"}]