
{
	"Monsters" : 
	[
		
		{
			"AppearCorMonster" : 1,
			"AppearInterval" : 0,
			"Blood" : 270.0,
			"BonusType" : [ 1 ],
			"NumberOfAttack" : 3,
			"NumberOfBonus" : [ 75 ],
			"SerialNumber" : 0
		},
		
		{
			"AppearCorMonster" : 2,
			"AppearInterval" : 2,
			"Blood" : 400.0,
			"BonusType" : [ 1 ],
			"NumberOfAttack" : 10,
			"NumberOfBonus" : [ 150 ],
			"SerialNumber" : 1
		},
		
		{
			"AppearCorMonster" : -1,
			"AppearInterval" : 2,
			"Blood" : 800.0,
			"BonusType" : [ 2 ],
			"NumberOfAttack" : 10,
			"NumberOfBonus" : [ 300 ],
			"SerialNumber" : 2
		}
	],
	"biggestMonster" : 2,
	"lowestMonster" : 0
}
