[{"L":"{95,260}","R":"{950,260}"},{"L":"{95,380}","R":"{-40,-100}"},{"L":"{95,140}","R":"{-40,-100}"},{"L":"{95,410}","R":"{-40,-100}"},{"L":"{95,110}","R":"{-40,-100}"},{"L":"{95,290}","R":"{-40,-100}"},{"L":"{95,230}","R":"{-40,-100}"},{"L":"{95,350}","R":"{950,170}"},{"L":"{95,170}","R":"{950,350}"},{"L":"{-60,-100}","R":"{950,230}"},{"L":"{-60,-100}","R":"{950,290}"},{"L":"{-60,-100}","R":"{950,380}"},{"L":"{-60,-100}","R":"{950,140}"},{"L":"{-60,-100}","R":"{950,410}"},{"L":"{-60,-100}","R":"{950,110}"}]