
[
	
	{
		"L" : "{90,261}",
		"R" : "{-955,-250}"
	},
	
	{
		"L" : "{90,376}",
		"R" : "{-40,-100}"
	},
	
	{
		"L" : "{90,146}",
		"R" : "{-40,-100}"
	},
	
	{
		"L" : "{90,422}",
		"R" : "{-40,-100}"
	},
	
	{
		"L" : "{90,100}",
		"R" : "{-40,-100}"
	},
	
	{
		"L" : "{90,307}",
		"R" : "{-40,-100}"
	},
	
	{
		"L" : "{90,215}",
		"R" : "{-40,-100}"
	},
	
	{
		"L" : "{90,330}",
		"R" : "{-955, -170}"
	},
	
	{
		"L" : "{90,192}",
		"R" : "{-955,-353}"
	},
	
	{
		"L" : "{90,238}",
		"R" : "{-955,-210}"
	},
	
	{
		"L" : "{90,284}",
		"R" : "{-955,-2100}"
	},
	
	{
		"L" : "{90,353}",
		"R" : "{-955,-370}"
	},
	
	{
		"L" : "{90,123}",
		"R" : "{-955,-130}"
	},
	
	{
		"L" : "{90,399}",
		"R" : "{-955,-410}"
	},
	
	{
		"L" : "{90,169}",
		"R" : "{-955,-100}"
	},
	
	{
		"L" : "{-90,-169}",
		"R" : "{955,307}"
	},
	
	{
		"L" : "{-90,-169}",
		"R" : "{955,215}"
	},
	
	{
		"L" : "{-90,-169}",
		"R" : "{955,422}"
	},
	
	{
		"L" : "{-90,-169}",
		"R" : "{955,100}"
	},
	
	{
		"L" : "{-90,-169}",
		"R" : "{955,330}"
	},
	
	{
		"L" : "{-90,-169}",
		"R" : "{955,192}"
	},
	
	{
		"L" : "{-90,-169}",
		"R" : "{955,261}"
	},
	
	{
		"L" : "{-90,-169}",
		"R" : "{955,238}"
	},
	
	{
		"L" : "{-90,-169}",
		"R" : "{955,376}"
	},
	
	{
		"L" : "{-90,-169}",
		"R" : "{955,146}"
	},
	
	{
		"L" : "{-90,-169}",
		"R" : "{955,399}"
	},
	
	{
		"L" : "{-90,-169}",
		"R" : "{955,123}"
	},
	
	{
		"L" : "{-90,-169}",
		"R" : "{955,353}"
	},
	
	{
		"L" : "{-90,-169}",
		"R" : "{955,169}"
	},
	
	{
		"L" : "{-90,-169}",
		"R" : "{955,284}"
	}
]
