[{"L":"{95,230}","R":"{-950,-250}"},{"L":"{95,355}","R":"{-40,-100}"},{"L":"{95,135}","R":"{-40,-100}"},{"L":"{95,390}","R":"{-40,-100}"},{"L":"{95,105}","R":"{-40,-100}"},{"L":"{95,290}","R":"{-40,-100}"},{"L":"{95,195}","R":"{-40,-100}"},{"L":"{95,320}","R":"{-950,-170}"},{"L":"{95,165}","R":"{-950,-330}"},{"L":"{95,260}","R":"{-950,-210}"},{"L":"{-60,-100}","R":"{950,260}"},{"L":"{-60,-100}","R":"{950,355}"},{"L":"{-60,-100}","R":"{950,135}"},{"L":"{-60,-100}","R":"{950,320}"},{"L":"{-60,-100}","R":"{950,165}"},{"L":"{-60,-100}","R":"{950,290}"},{"L":"{-60,-100}","R":"{950,195}"},{"L":"{-60,-100}","R":"{950,390}"},{"L":"{-60,-100}","R":"{950,105}"},{"L":"{-60,-100}","R":"{950,230}"}]