[
    {
        "L": "{95,242}",
        "R": "{-950,-250}"
    },
    {
        "L": "{95,374}",
        "R": "{-40,-100}"
    },
    {
        "L": "{95,143}",
        "R": "{-40,-100}"
    },
    {
        "L": "{95,407}",
        "R": "{-40,-100}"
    },
    {
        "L": "{95,110}",
        "R": "{-40,-100}"
    },
    {
        "L": "{95,308}",
        "R": "{-40,-100}"
    },
    {
        "L": "{95,209}",
        "R": "{-40,-100}"
    },
    {
        "L": "{95,341}",
        "R": "{-950,-170}"
    },
    {
        "L": "{95,176}",
        "R": "{-950,-330}"
    },
    {
        "L": "{95,275}",
        "R": "{-950,-210}"
    },
    {
        "L": "{-60,-100}",
        "R": "{955,275}"
    },
    {
        "L": "{-60,-100}",
        "R": "{955,374}"
    },
    {
        "L": "{-60,-100}",
        "R": "{955,143}"
    },
    {
        "L": "{-60,-100}",
        "R": "{955,341}"
    },
    {
        "L": "{-60,-100}",
        "R": "{955,176}"
    },
    {
        "L": "{-60,-100}",
        "R": "{955,308}"
    },
    {
        "L": "{-60,-100}",
        "R": "{955,209}"
    },
    {
        "L": "{-60,-100}",
        "R": "{955,407}"
    },
    {
        "L": "{-60,-100}",
        "R": "{955,110}"
    },
    {
        "L": "{-60,-100}",
        "R": "{955,242}"
    }
]